taskForce,command,assignmentPriority 
I MEF,CENTCOM,10
I MEF,CENTCOM-WC,10
I MEF,CENTCOM-EC,5
I MEF,AFRICOM,5
I MEF,PACOM,10
II MEF,CENTCOM,10
II MEF,CENTCOM-EC,10
II MEF,CENTCOM-WC,5
II MEF,PACOM,5
II MEF,AFRICOM,10
III MEF,PACOM,10
III MEF,CENTCOM,1
III MEF,CENTCOM-EC,1
III MEF,CENTCOM-WC,1
III MEF,AFRICOM,5
