ID,unitCode,unitName,taskForce,lastStartDate,lastEndDate,finishedReadiness,reqName,reqType,command,startDate,endDate,readinessReq,finishReadiness,unitsReq,criticality
0,UC 2/7,I MEF 2nd Inf Bn 7th Mardiv,I MEF,2017-06-25,2017-12-24,5,OEF 201706,REG,CENTCOM,2017-06-25,2017-12-24,2,3,1,10
1,UC 3/5,I MEF 3rd Inf Bn 5th Mardiv,I MEF,2017-09-15,2018-03-14,3,SPMAGTF I 201709,REG,CENTCOM,2017-09-15,2018-03-14,2,3,1,10
2,UC 1/2,II MEF 1st Inf Bn 2nd Mardiv,II MEF,2017-08-20,2018-03-19,2,MEU 201708 EC,REG,CENTCOM-EC,2017-08-20,2018-03-19,2,3,1,10
3,UC 3/6,II MEF 3rd Inf Bn 6th Mardiv,II MEF,2017-11-01,2018-04-30,4,SPMAGTF II 201711,REG,AFRICOM,2017-11-01,2018-04-30,2,3,1,10
4,UC 3/3,III MEF 2nd Inf Bn 3rd Mardiv,III MEF,2017-07-01,2017-12-31,4,SPMAGTF III 201707,REG,PACOM,2017-07-01,2017-12-31,2,3,1,10
5,UC 1/1,I MEF 1st Inf Bn 1st Mardiv,I MEF,2017-07-10,2018-01-09,3,UDP 201707,REG,PACOM,2017-07-10,2018-01-09,2,3,1,10
6,UC 1/6,II MEF 1st Inf Bn 6th Mardiv,II MEF,2016-05-01,2016-10-31,4,SPMAGTF II 202205,REG,AFRICOM,2022-05-01,2022-10-31,2,3,1,10
7,UC 1/3,III MEF 8th Inf Bn 2nd Mardiv,III MEF,2016-07-01,2016-12-31,3,UDP 202007,REG,PACOM,2020-07-10,2021-01-09,2,3,1,10
8,UC 3/1,I MEF 3rd Inf Bn 1st Mardiv,I MEF,2017-01-10,2017-07-09,5,SPMAGTF I 202109,REG,CENTCOM,2021-09-15,2022-03-14,2,3,1,10
9,UC 1/2,II MEF 1st Inf Bn 2nd Mardiv,II MEF,2017-08-20,2018-03-19,2,MEU 202208 EC,REG,CENTCOM-EC,2022-08-20,2023-03-19,2,3,1,10
10,UC 2/4,I MEF 2nd Inf Bn 4th Mardiv,I MEF,2016-12-25,2017-06-24,5,SPMAGTF III 202107,REG,PACOM,2021-07-01,2021-12-31,2,3,1,10
11,UC 3/2,II MEF 3rd Inf Bn 2nd Mardiv,II MEF,2017-03-15,2017-09-14,2,SPMAGTF II 202005,REG,AFRICOM,2020-05-01,2020-10-31,2,3,1,10
12,UC 1/4,I MEF 1st Inf Bn 4th Mardiv,I MEF,2016-07-10,2017-01-09,2,SPMAGTF I 202103,REG,CENTCOM,2021-03-15,2021-09-14,2,3,1,10
13,UC 2/6,II MEF 2nd Inf Bn 6th Mardiv,II MEF,2014-12-25,2015-06-24,3,SPMAGTF II 201811,REG,AFRICOM,2018-11-01,2019-04-30,2,3,1,10
14,UC 2/3,III MEF 1st Inf Bn 3rd Mardiv,III MEF,2017-01-01,2017-06-30,5,SPMAGTF III 202201,REG,PACOM,2022-01-01,2022-10-31,2,3,1,10
15,UC 2/5,I MEF 2nd Inf Bn 5th Mardiv,I MEF,2015-07-10,2016-01-09,2,MEU 202002 WC,REG,CENTCOM-WC,2020-02-20,2020-09-19,2,3,1,10
16,UC 1/5,I MEF 1st Inf Bn 5th Mardiv,I MEF,2016-02-20,2016-09-19,4,OEF 201906,REG,CENTCOM,2019-06-25,2019-12-24,2,3,1,10
17,UC 2/2,II MEF 2nd Inf Bn 2nd Mardiv,II MEF,2017-05-01,2017-10-31,3,OEF 202012,REG,CENTCOM,2020-12-15,2021-06-24,2,3,1,10
18,UC 1/7,I MEF 1st Inf Bn 7th Mardiv,I MEF,2017-02-20,2017-09-19,3,SPMAGTF III 202007,REG,PACOM,2020-07-01,2020-12-31,2,3,1,10
19,UC 2/1,I MEF 2nd Inf Bn 1st Mardiv,I MEF,2016-09-15,2017-03-14,4,SPMAGTF I 202003,REG,CENTCOM,2020-03-15,2020-09-14,2,3,1,10
20,UC 3/2,II MEF 3rd Inf Bn 2nd Mardiv,II MEF,2017-03-15,2017-09-14,2,SPMAGTF I 201809,REG,CENTCOM,2018-09-15,2019-03-14,2,3,1,10
21,UC 3/7,I MEF 3rd Inf Bn 7th Mardiv,I MEF,2016-06-25,2016-12-24,2,SPMAGTF II 202011,REG,AFRICOM,2020-11-01,2021-04-30,2,3,1,10
22,UC 1/2,II MEF 1st Inf Bn 2nd Mardiv,II MEF,2017-08-20,2018-03-19,2,MEU 202008 EC,REG,CENTCOM-EC,2020-08-20,2021-03-19,2,3,1,10
23,UC 1/6,II MEF 1st Inf Bn 6th Mardiv,II MEF,2016-05-01,2016-10-31,4,OEF 201912,REG,CENTCOM,2019-12-25,2020-06-24,2,3,1,10
24,UC 2/4,I MEF 2nd Inf Bn 4th Mardiv,I MEF,2016-12-25,2017-06-24,5,SPMAGTF III 202001,REG,PACOM,2020-01-01,2020-06-30,2,3,1,10
25,UC 3/5,I MEF 3rd Inf Bn 5th Mardiv,I MEF,2017-09-15,2018-03-14,3,SPMAGTF III 201907,REG,PACOM,2019-07-01,2019-12-31,2,3,1,10
26,UC 1/8,II MEF 1st Inf Bn 8th Mardiv,II MEF,2015-08-20,2016-03-19,3,OEF 201712,REG,CENTCOM,2017-12-25,2018-06-24,2,3,1,10
27,UC 1/3,III MEF 8th Inf Bn 2nd Mardiv,III MEF,2016-07-01,2016-12-31,3,UDP 202201,REG,PACOM,2022-01-10,2022-07-09,2,3,1,10
28,UC 3/4,I MEF 3rd Inf Bn 4th Mardiv,I MEF,2016-03-15,2016-09-14,3,SPMAGTF III 201901,REG,PACOM,2019-01-01,2019-06-30,2,3,1,10
29,UC 1/1,I MEF 1st Inf Bn 1st Mardiv,I MEF,2017-07-10,2018-01-09,3,SPMAGTF I 201909,REG,CENTCOM,2019-09-15,2020-03-14,2,3,1,10
30,UC 3/3,III MEF 2nd Inf Bn 3rd Mardiv,III MEF,2017-07-01,2017-12-31,4,UDP 202001,REG,PACOM,2020-01-10,2020-07-09,2,3,1,10
31,UC 3/6,II MEF 3rd Inf Bn 6th Mardiv,II MEF,2017-11-01,2018-04-30,4,SPMAGTF II 201911,REG,AFRICOM,2019-11-01,2020-04-30,2,3,1,10
32,UC 2/5,I MEF 2nd Inf Bn 5th Mardiv,I MEF,2015-07-10,2016-01-09,2,OEF 201806,REG,CENTCOM,2018-06-25,2018-12-24,2,3,1,10
33,UC 2/1,I MEF 2nd Inf Bn 1st Mardiv,I MEF,2016-09-15,2017-03-14,4,UDP 201807,REG,PACOM,2018-07-10,2019-01-09,2,3,1,10
34,UC 2/4,I MEF 2nd Inf Bn 4th Mardiv,I MEF,2016-12-25,2017-06-24,5,SPMAGTF III 201807,REG,PACOM,2018-07-01,2018-12-31,2,3,1,10
35,UC 3/6,II MEF 3rd Inf Bn 6th Mardiv,II MEF,2017-11-01,2018-04-30,4,MEU 202108 EC,REG,CENTCOM-EC,2021-08-20,2022-03-19,2,3,1,10
36,UC 2/5,I MEF 2nd Inf Bn 5th Mardiv,I MEF,2015-07-10,2016-01-09,2,OEF 202112,REG,CENTCOM,2021-12-25,2022-06-24,2,3,1,10
37,UC 3/1,I MEF 3rd Inf Bn 1st Mardiv,I MEF,2017-01-10,2017-07-09,5,UDP 201907,REG,PACOM,2019-07-10,2020-01-09,2,3,1,10
38,UC 2/6,II MEF 2nd Inf Bn 6th Mardiv,II MEF,2014-12-25,2015-06-24,3,SPMAGTF I 202009,REG,CENTCOM,2020-09-15,2021-03-14,2,3,1,10
39,UC 1/3,III MEF 8th Inf Bn 2nd Mardiv,III MEF,2016-07-01,2016-12-31,3,UDP 201801,REG,PACOM,2018-01-10,2018-07-09,2,3,1,10
40,UC 1/6,II MEF 1st Inf Bn 6th Mardiv,II MEF,2016-05-01,2016-10-31,4,SPMAGTF II 201805,REG,AFRICOM,2018-05-01,2018-10-31,2,3,1,10
41,UC 2/8,II MEF 2nd Inf Bn 8th Mardiv,II MEF,2016-09-23,2017-04-22,2,OEF 202006,REG,CENTCOM,2020-06-25,2020-12-24,2,3,1,10
42,UC 3/3,III MEF 2nd Inf Bn 3rd Mardiv,III MEF,2017-07-01,2017-12-31,4,UDP 202207,REG,PACOM,2022-07-10,2023-01-09,2,3,1,10
43,UC 1/5,I MEF 1st Inf Bn 5th Mardiv,I MEF,2016-02-20,2016-09-19,4,MEU 202102 WC,REG,CENTCOM-WC,2021-02-20,2021-09-19,2,3,1,10
44,UC 3/4,I MEF 3rd Inf Bn 4th Mardiv,I MEF,2016-03-15,2016-09-14,3,UDP 202101,REG,PACOM,2021-01-10,2021-07-09,2,3,1,10
45,UC 2/7,I MEF 2nd Inf Bn 7th Mardiv,I MEF,2017-06-25,2017-12-24,5,MEU 201902 WC,REG,CENTCOM-WC,2019-02-20,2019-09-19,2,3,1,10
46,UC 2/3,III MEF 1st Inf Bn 3rd Mardiv,III MEF,2017-01-01,2017-06-30,5,UDP 201901,REG,PACOM,2019-01-10,2019-07-09,2,3,1,10
47,UC 3/5,I MEF 3rd Inf Bn 5th Mardiv,I MEF,2017-09-15,2018-03-14,3,UDP 202107,REG,PACOM,2021-07-10,2022-01-09,2,3,1,10
48,UC 1/7,I MEF 1st Inf Bn 7th Mardiv,I MEF,2017-02-20,2017-09-19,3,OEF 201812,REG,CENTCOM,2018-12-25,2019-06-24,2,3,1,10
49,UC 3/7,I MEF 3rd Inf Bn 7th Mardiv,I MEF,2016-06-25,2016-12-24,2,MEU 201802 WC,REG,CENTCOM-WC,2018-02-20,2018-09-19,2,3,1,10
50,UC 2/7,I MEF 2nd Inf Bn 7th Mardiv,I MEF,2017-06-25,2017-12-24,5,SPMAGTF III 202101,REG,PACOM,2021-01-01,2021-06-30,2,3,1,10
51,UC 3/8,II MEF 3rd Inf Bn 8th Mardiv,II MEF,2016-11-01,2017-04-30,5,SPMAGTF II 201905,REG,AFRICOM,2019-05-01,2019-10-31,2,3,1,10
52,UC 1/8,II MEF 1st Inf Bn 8th Mardiv,II MEF,2015-08-20,2016-03-19,3,OEF 202212,REG,CENTCOM,2022-12-25,2023-06-24,2,3,1,10
53,UC 1/7,I MEF 1st Inf Bn 7th Mardiv,I MEF,2017-02-20,2017-09-19,3,MEU 202202 WC,REG,CENTCOM-WC,2022-02-20,2022-09-19,2,3,1,10
54,UC 2/8,II MEF 2nd Inf Bn 8th Mardiv,II MEF,2016-09-23,2017-04-22,2,MEU 201808 EC,REG,CENTCOM-EC,2018-08-20,2019-03-19,2,3,1,10
55,UC 1/4,I MEF 1st Inf Bn 4th Mardiv,I MEF,2016-07-10,2017-01-09,2,SPMAGTF I 201803,REG,CENTCOM,2018-03-15,2018-09-14,2,3,1,10
56,UC 3/7,I MEF 3rd Inf Bn 7th Mardiv,I MEF,2016-06-25,2016-12-24,2,SPMAGTF III 202207,REG,PACOM,2022-07-01,2022-12-31,2,3,1,10
57,UC 3/8,II MEF 3rd Inf Bn 8th Mardiv,II MEF,2016-11-01,2017-04-30,5,SPMAGTF II 202211,REG,AFRICOM,2022-11-01,2023-04-30,2,3,1,10
58,UC 2/8,II MEF 2nd Inf Bn 8th Mardiv,II MEF,2016-09-23,2017-04-22,2,OEF 202206,REG,CENTCOM,2022-06-25,2022-12-24,2,3,1,10
59,UC 2/2,II MEF 2nd Inf Bn 2nd Mardiv,II MEF,2017-05-01,2017-10-31,3,SPMAGTF I 201903,REG,CENTCOM,2019-03-15,2019-09-14,2,3,1,10
60,UC 3/8,II MEF 3rd Inf Bn 8th Mardiv,II MEF,2016-11-01,2017-04-30,5,SPMAGTF II 202105,REG,AFRICOM,2021-05-01,2021-10-31,2,3,1,10
61,UC 1/5,I MEF 1st Inf Bn 5th Mardiv,I MEF,2016-02-20,2016-09-19,4,SPMAGTF III 201801,REG,PACOM,2018-01-01,2018-06-30,2,3,1,10
62,UC 1/1,I MEF 1st Inf Bn 1st Mardiv,I MEF,2017-07-10,2018-01-09,3,SPMAGTF I 202203,REG,CENTCOM,2022-03-15,2022-09-14,2,3,1,10
63,UC 1/8,II MEF 1st Inf Bn 8th Mardiv,II MEF,2015-08-20,2016-03-19,3,MEU 201908 EC,REG,CENTCOM-EC,2019-08-20,2020-03-19,2,3,1,10
64,UC 3/2,II MEF 3rd Inf Bn 2nd Mardiv,II MEF,2017-03-15,2017-09-14,2,SPMAGTF II 202111,REG,AFRICOM,2021-11-01,2022-04-30,2,3,1,10
65,UC 1/8,II MEF 1st Inf Bn 8th Mardiv,II MEF,2015-08-20,2016-03-19,3,OEF 202106,REG,CENTCOM,2021-06-25,2021-12-24,2,3,1,10
66,UC 3/4,I MEF 3rd Inf Bn 4th Mardiv,I MEF,2016-03-15,2016-09-14,3,SPMAGTF I 202209,REG,CENTCOM,2022-09-15,2023-03-14,2,3,1,10
